{
  "Linear Regression": {
    "MAE": 283.14960482633796,
    "MSE": 162365.44503878392,
    "RMSE": 402.9459579630796,
    "R2": 0.889919159390094,
    "train_time_sec": 0.152
  },
  "Random Forest": {
    "MAE": 176.19204267473117,
    "MSE": 76683.91751674282,
    "RMSE": 276.9186117196582,
    "R2": 0.9480096882714955,
    "train_time_sec": 0.575
  },
  "XGBoost": {
    "MAE": 147.4497809663896,
    "MSE": 60859.02424012062,
    "RMSE": 246.69621853632174,
    "R2": 0.9587386802318014,
    "train_time_sec": 9.408,
    "cv_best_r2": 0.9285
  },
  "LightGBM": {
    "MAE": 149.2850429484206,
    "MSE": 61155.62856315536,
    "RMSE": 247.29664082464882,
    "R2": 0.9585375878552777,
    "train_time_sec": 0.391
  }
}