{
  "Linear Regression": {
    "MAE": 283.14960482633796,
    "MSE": 162365.44503878392,
    "RMSE": 402.9459579630796,
    "R2": 0.889919159390094,
    "train_time_sec": 0.324
  },
  "Random Forest": {
    "MAE": 176.19204267473117,
    "MSE": 76683.91751674283,
    "RMSE": 276.9186117196582,
    "R2": 0.9480096882714955,
    "train_time_sec": 0.639
  },
  "XGBoost": {
    "MAE": 145.83876850528102,
    "MSE": 58577.44998998578,
    "RMSE": 242.02778764015048,
    "R2": 0.9602855463849338,
    "train_time_sec": 0.403
  },
  "LightGBM": {
    "MAE": 149.2850429484206,
    "MSE": 61155.62856315536,
    "RMSE": 247.29664082464882,
    "R2": 0.9585375878552777,
    "train_time_sec": 0.321
  }
}