,MAE,MSE,RMSE,R2,train_time_sec
Linear Regression,283.14960482633796,162365.44503878392,402.9459579630796,0.889919159390094,0.324
Random Forest,176.19204267473117,76683.91751674283,276.9186117196582,0.9480096882714955,0.639
XGBoost,145.83876850528102,58577.44998998578,242.02778764015048,0.9602855463849338,0.403
LightGBM,149.2850429484206,61155.62856315536,247.29664082464882,0.9585375878552777,0.321
