,MAE,MSE,RMSE,R2,train_time_sec,cv_best_r2
Linear Regression,283.14960482633796,162365.44503878392,402.9459579630796,0.889919159390094,0.152,
Random Forest,176.19204267473117,76683.91751674282,276.9186117196582,0.9480096882714955,0.575,
XGBoost,147.4497809663896,60859.02424012062,246.69621853632174,0.9587386802318014,9.408,0.9285
LightGBM,149.2850429484206,61155.62856315536,247.29664082464882,0.9585375878552777,0.391,
